dataset,feature,model,n_labels,n_samples,f1_macro,f1_macro_std,f1_macro_folds,f1_micro,f1_micro_std,f1_micro_folds,f1_samples,f1_samples_std,f1_samples_folds,accuracy,accuracy_std,accuracy_folds,train_time_s
ohsumed,biobert,RandomForest,1650,10000,0.0062,0.0009,"0.0061,0.0065,0.0066,0.0073,0.0047",0.3269,0.0022,"0.3273,0.3253,0.3280,0.3301,0.3238",0.3339,0.0031,"0.3336,0.3302,0.3360,0.3386,0.3313",,,,25184.22
ohsumed,biobert,XGBoost,1650,10000,0.0546,0.0018,"0.0541,0.0575,0.0538,0.0557,0.0520",0.4127,0.0037,"0.4121,0.4106,0.4136,0.4192,0.4082",0.4044,0.0038,"0.4022,0.4032,0.4060,0.4108,0.3997",,,,11143.49
ohsumed,biobert,NaiveBayes,1650,10000,0.0685,0.0026,"0.0692,0.0679,0.0723,0.0643,0.0688",0.0596,0.0006,"0.0592,0.0606,0.0595,0.0588,0.0597",0.1133,0.002,"0.1112,0.1132,0.1164,0.1147,0.1111",,,,197.8
ohsumed,biobert,k-NN,1650,10000,0.0641,0.0021,"0.0623,0.0631,0.0664,0.0671,0.0620",0.4074,0.0046,"0.4023,0.4044,0.4102,0.4149,0.4054",0.3969,0.0054,"0.3921,0.3923,0.4008,0.4057,0.3936",,,,1427.91
ohsumed,biobert,LogisticReg,1650,10000,0.0853,0.004,"0.0843,0.0923,0.0801,0.0841,0.0858",0.449,0.0045,"0.4453,0.4482,0.4538,0.4544,0.4430",0.4358,0.0051,"0.4307,0.4324,0.4418,0.4422,0.4319",,,,1545.35
ohsumed,biobert,SVM,1650,10000,0.0033,0.0001,"0.0033,0.0034,0.0032,0.0034,0.0033",0.3508,0.0032,"0.3485,0.3508,0.3497,0.3569,0.3481",0.3549,0.0039,"0.3510,0.3531,0.3539,0.3625,0.3542",,,,16153.08
ohsumed,lda,NaiveBayes,1650,10000,0.0246,0.0004,"0.0247,0.0244,0.0252,0.0241,0.0247",0.0362,0.0002,"0.0366,0.0362,0.0364,0.0360,0.0360",0.0421,0.0008,"0.0421,0.0415,0.0436,0.0416,0.0418",,,,27.05
ohsumed,lda,k-NN,1650,10000,0.0067,0.0008,"0.0059,0.0083,0.0063,0.0064,0.0066",0.3005,0.0034,"0.3041,0.3022,0.2999,0.3022,0.2943",0.3041,0.0028,"0.3049,0.3060,0.3050,0.3061,0.2985",,,,499.2
ohsumed,lda,SVM,1650,10000,0.0023,0.0,"0.0023,0.0023,0.0023,0.0023,0.0023",0.2917,0.0019,"0.2950,0.2912,0.2917,0.2916,0.2892",0.3014,0.0019,"0.3020,0.2989,0.3039,0.3025,0.2996",,,,1154.53
ohsumed,lda,LogisticReg,1650,10000,0.0024,0.0001,"0.0025,0.0025,0.0025,0.0024,0.0023",0.2855,0.0013,"0.2874,0.2854,0.2854,0.2862,0.2833",0.2952,0.0017,"0.2961,0.2931,0.2974,0.2961,0.2933",,,,34.1
ohsumed,lda,RandomForest,1650,10000,0.0079,0.0007,"0.0087,0.0084,0.0084,0.0073,0.0068",0.3209,0.0035,"0.3263,0.3206,0.3213,0.3211,0.3151",0.3219,0.0028,"0.3258,0.3225,0.3224,0.3219,0.3171",,,,2913.55
ohsumed,lda,AdaBoost,1650,10000,0.0117,0.0013,"0.0101,0.0140,0.0121,0.0109,0.0115",0.3186,0.0039,"0.3237,0.3123,0.3179,0.3217,0.3172",0.3221,0.0039,"0.3264,0.3158,0.3238,0.3248,0.3195",,,,2097.44
ohsumed,lda,XGBoost,1650,10000,0.0202,0.0007,"0.0197,0.0211,0.0194,0.0200,0.0209",0.3262,0.0026,"0.3305,0.3256,0.3254,0.3271,0.3224",0.3253,0.0029,"0.3290,0.3238,0.3250,0.3279,0.3209",,,,364.41
ohsumed,meta,NaiveBayes,1650,10000,0.0026,0.0,"0.0026,0.0026,0.0026,0.0026,0.0026",0.033,0.0005,"0.0321,0.0333,0.0336,0.0331,0.0330",0.0572,0.0029,"0.0534,0.0609,0.0543,0.0591,0.0582",,,,19.77
ohsumed,meta,k-NN,1650,10000,0.0022,0.0001,"0.0023,0.0022,0.0021,0.0021,0.0022",0.2689,0.001,"0.2693,0.2670,0.2688,0.2695,0.2696",0.282,0.0013,"0.2809,0.2807,0.2830,0.2840,0.2812",,,,51.55
ohsumed,meta,SVM,1650,10000,0.0013,0.0,"0.0013,0.0014,0.0013,0.0012,0.0013",0.2691,0.0032,"0.2731,0.2695,0.2719,0.2649,0.2659",0.2885,0.0026,"0.2915,0.2868,0.2918,0.2857,0.2868",,,,326.96
ohsumed,meta,LogisticReg,1650,10000,0.0013,0.0001,"0.0013,0.0012,0.0015,0.0012,0.0011",0.255,0.0181,"0.2601,0.2417,0.2885,0.2420,0.2427",0.2786,0.014,"0.2818,0.2665,0.3046,0.2703,0.2698",,,,28.21
ohsumed,meta,RandomForest,1650,10000,0.0035,0.0003,"0.0037,0.0037,0.0031,0.0032,0.0035",0.2508,0.0031,"0.2553,0.2458,0.2523,0.2504,0.2501",0.2731,0.0032,"0.2761,0.2674,0.2756,0.2748,0.2716",,,,2142.95
ohsumed,meta,AdaBoost,1650,10000,0.0013,0.0001,"0.0012,0.0012,0.0014,0.0012,0.0014",0.27,0.0051,"0.2689,0.2651,0.2793,0.2658,0.2708",0.2894,0.005,"0.2881,0.2830,0.2982,0.2872,0.2904",,,,924.1
ohsumed,meta,XGBoost,1650,10000,0.0015,0.0,"0.0015,0.0014,0.0015,0.0014,0.0015",0.257,0.003,"0.2611,0.2521,0.2583,0.2553,0.2581",0.2783,0.0032,"0.2815,0.2721,0.2801,0.2786,0.2790",,,,232.41
ohsumed,tfidf,LogisticReg,1650,10000,0.0077,0.0003,"0.0076,0.0082,0.0073,0.0074,0.0077",0.3628,0.0017,"0.3608,0.3654,0.3615,0.3642,0.3623",0.3612,0.0018,"0.3585,0.3619,0.3607,0.3642,0.3609",,,,1325.75
ohsumed,tfidf,XGBoost,1650,10000,0.1026,0.0038,"0.0997,0.0976,0.1028,0.1083,0.1047",0.4611,0.0021,"0.4587,0.4609,0.4636,0.4633,0.4589",0.4418,0.0028,"0.4380,0.4417,0.4456,0.4443,0.4396",,,,43920.2
ohsumed,tfidf,NaiveBayes,1650,10000,0.0119,0.0003,"0.0121,0.0123,0.0117,0.0116,0.0117",0.0922,0.0042,"0.0953,0.0979,0.0866,0.0929,0.0882",0.2835,0.0029,"0.2811,0.2831,0.2830,0.2890,0.2813",,,,2322.34
ohsumed,tfidf,k-NN,1650,10000,0.0067,0.0004,"0.0069,0.0061,0.0070,0.0073,0.0063",0.1973,0.004,"0.1971,0.1936,0.2049,0.1951,0.1958",0.2341,0.0042,"0.2336,0.2293,0.2416,0.2313,0.2347",,,,18400.86
pgb,biobert,NaiveBayes,3,5000,0.3611,0.0403,"0.3438,0.3637,0.4367,0.3415,0.3198",,,,,,,0.9178,0.0259,"0.9390,0.8950,0.9110,0.9560,0.8880",0.41
pgb,biobert,k-NN,3,5000,0.3324,0.0002,"0.3325,0.3323,0.3322,0.3322,0.3327",,,,,,,0.9942,0.0012,"0.9950,0.9940,0.9930,0.9930,0.9960",0.47
pgb,biobert,SVM,3,5000,0.3324,0.0002,"0.3325,0.3323,0.3322,0.3322,0.3327",,,,,,,0.9942,0.0012,"0.9950,0.9940,0.9930,0.9930,0.9960",33.7
pgb,biobert,LogisticReg,3,5000,0.3324,0.0002,"0.3327,0.3323,0.3322,0.3322,0.3327",,,,,,,0.9942,0.0012,"0.9950,0.9940,0.9930,0.9930,0.9960",24.39
pgb,biobert,RandomForest,3,5000,0.3324,0.0002,"0.3325,0.3323,0.3322,0.3322,0.3327",,,,,,,0.9942,0.0012,"0.9950,0.9940,0.9930,0.9930,0.9960",14.38
pgb,biobert,AdaBoost,3,5000,0.3323,0.0002,"0.3325,0.3323,0.3322,0.3320,0.3325",,,,,,,0.9938,0.0012,"0.9950,0.9940,0.9930,0.9920,0.9950",185.85
pgb,biobert,XGBoost,3,5000,0.3324,0.0002,"0.3325,0.3323,0.3322,0.3322,0.3327",,,,,,,0.9942,0.0012,"0.9950,0.9940,0.9930,0.9930,0.9960",25.52
pgb,lda,NaiveBayes,3,5000,0.2883,0.0078,"0.2973,0.2934,0.2797,0.2782,0.2930",,,,,,,0.719,0.0125,"0.7360,0.7210,0.7190,0.6970,0.7220",1.79
pgb,lda,k-NN,3,5000,0.3324,0.0002,"0.3325,0.3323,0.3322,0.3322,0.3327",,,,,,,0.9942,0.0012,"0.9950,0.9940,0.9930,0.9930,0.9960",1.24
pgb,lda,SVM,3,5000,0.3324,0.0002,"0.3325,0.3323,0.3322,0.3322,0.3327",,,,,,,0.9942,0.0012,"0.9950,0.9940,0.9930,0.9930,0.9960",0.46
pgb,lda,LogisticReg,3,5000,0.3324,0.0002,"0.3325,0.3323,0.3322,0.3322,0.3327",,,,,,,0.9942,0.0012,"0.9950,0.9940,0.9930,0.9930,0.9960",0.05
pgb,lda,RandomForest,3,5000,0.3324,0.0002,"0.3325,0.3323,0.3322,0.3322,0.3327",,,,,,,0.9942,0.0012,"0.9950,0.9940,0.9930,0.9930,0.9960",1.36
pgb,lda,AdaBoost,3,5000,0.3319,0.0007,"0.3322,0.3323,0.3315,0.3308,0.3327",,,,,,,0.9914,0.0039,"0.9930,0.9940,0.9890,0.9850,0.9960",1.07
pgb,lda,XGBoost,3,5000,0.3323,0.0001,"0.3325,0.3323,0.3322,0.3322,0.3325",,,,,,,0.994,0.0009,"0.9950,0.9940,0.9930,0.9930,0.9950",1.38
pgb,meta,NaiveBayes,3,5000,0.3324,0.0002,"0.3325,0.3323,0.3322,0.3322,0.3327",,,,,,,0.9942,0.0012,"0.9950,0.9940,0.9930,0.9930,0.9960",1.86
pgb,meta,k-NN,3,5000,0.3324,0.0002,"0.3325,0.3323,0.3322,0.3322,0.3327",,,,,,,0.9942,0.0012,"0.9950,0.9940,0.9930,0.9930,0.9960",1.24
pgb,meta,SVM,3,5000,0.3324,0.0002,"0.3325,0.3323,0.3322,0.3322,0.3327",,,,,,,0.9942,0.0012,"0.9950,0.9940,0.9930,0.9930,0.9960",0.56
pgb,meta,LogisticReg,3,5000,0.3324,0.0002,"0.3325,0.3323,0.3322,0.3322,0.3327",,,,,,,0.9942,0.0012,"0.9950,0.9940,0.9930,0.9930,0.9960",0.04
pgb,meta,RandomForest,3,5000,0.3324,0.0002,"0.3325,0.3323,0.3322,0.3322,0.3327",,,,,,,0.9942,0.0012,"0.9950,0.9940,0.9930,0.9930,0.9960",0.92
pgb,meta,AdaBoost,3,5000,0.3324,0.0002,"0.3325,0.3323,0.3322,0.3322,0.3327",,,,,,,0.9942,0.0012,"0.9950,0.9940,0.9930,0.9930,0.9960",0.53
pgb,meta,XGBoost,3,5000,0.3323,0.0002,"0.3323,0.3323,0.3322,0.3320,0.3327",,,,,,,0.9938,0.0013,"0.9940,0.9940,0.9930,0.9920,0.9960",1.12
pgb,tfidf,NaiveBayes,3,5000,0.3518,0.0282,"0.3279,0.3586,0.4030,0.3257,0.3438",,,,,,,0.9646,0.0077,"0.9680,0.9700,0.9740,0.9550,0.9560",3.56
pgb,tfidf,k-NN,3,5000,0.3324,0.0002,"0.3325,0.3323,0.3322,0.3322,0.3327",,,,,,,0.9942,0.0012,"0.9950,0.9940,0.9930,0.9930,0.9960",2.79
pgb,tfidf,SVM,3,5000,0.3324,0.0002,"0.3325,0.3323,0.3322,0.3322,0.3327",,,,,,,0.9942,0.0012,"0.9950,0.9940,0.9930,0.9930,0.9960",226.24
pgb,tfidf,LogisticReg,3,5000,0.3324,0.0002,"0.3325,0.3323,0.3322,0.3322,0.3327",,,,,,,0.9942,0.0012,"0.9950,0.9940,0.9930,0.9930,0.9960",3.18
pgb,tfidf,RandomForest,3,5000,0.3324,0.0002,"0.3325,0.3323,0.3322,0.3322,0.3327",,,,,,,0.9942,0.0012,"0.9950,0.9940,0.9930,0.9930,0.9960",23.62
pgb,tfidf,AdaBoost,3,5000,0.4215,0.0864,"0.3325,0.3325,0.4155,0.5609,0.4660",,,,,,,0.9938,0.0013,"0.9940,0.9940,0.9920,0.9930,0.9960",103.79
pgb,tfidf,XGBoost,3,5000,0.4548,0.1588,"0.5551,0.3325,0.3320,0.7216,0.3328",,,,,,,0.9948,0.0016,"0.9960,0.9940,0.9920,0.9960,0.9960",65.87
pubmed_multilabel,biobert,NaiveBayes,16,10000,0.6203,0.0032,"0.6257,0.6168,0.6183,0.6185,0.6220",0.7563,0.0035,"0.7613,0.7596,0.7529,0.7545,0.7532",0.7446,0.0038,"0.7497,0.7482,0.7405,0.7408,0.7437",,,,5.84
pubmed_multilabel,biobert,k-NN,16,10000,0.6303,0.0042,"0.6261,0.6252,0.6367,0.6319,0.6315",0.8181,0.0017,"0.8184,0.8201,0.8197,0.8157,0.8168",0.8102,0.0016,"0.8102,0.8107,0.8129,0.8078,0.8097",,,,26.61
pubmed_multilabel,biobert,SVM,16,10000,0.59,0.0028,"0.5939,0.5876,0.5911,0.5862,0.5910",0.8345,0.0021,"0.8358,0.8374,0.8349,0.8315,0.8329",0.8263,0.0017,"0.8278,0.8274,0.8279,0.8236,0.8249",,,,2097.0
pubmed_multilabel,biobert,LogisticReg,16,10000,0.671,0.0046,"0.6647,0.6695,0.6781,0.6690,0.6740",0.844,0.0021,"0.8454,0.8466,0.8437,0.8403,0.8441",0.8358,0.0014,"0.8371,0.8367,0.8363,0.8331,0.8361",,,,30.42
pubmed_multilabel,biobert,RandomForest,16,10000,0.5595,0.0078,"0.5640,0.5529,0.5702,0.5485,0.5619",0.8188,0.002,"0.8192,0.8208,0.8206,0.8152,0.8185",0.8104,0.002,"0.8105,0.8114,0.8135,0.8075,0.8093",,,,619.6
pubmed_multilabel,biobert,AdaBoost,16,10000,0.6292,0.0059,"0.6296,0.6236,0.6400,0.6245,0.6282",0.816,0.0022,"0.8179,0.8181,0.8163,0.8120,0.8156",0.8073,0.0019,"0.8089,0.8084,0.8084,0.8038,0.8070",,,,962.66
pubmed_multilabel,biobert,XGBoost,16,10000,0.6431,0.0063,"0.6388,0.6361,0.6494,0.6394,0.6518",0.8352,0.0025,"0.8359,0.8386,0.8356,0.8308,0.8349",0.8268,0.0019,"0.8275,0.8286,0.8280,0.8231,0.8267",,,,514.42
pubmed_multilabel,lda,NaiveBayes,16,10000,0.5617,0.0043,"0.5597,0.5628,0.5585,0.5580,0.5697",0.6907,0.0026,"0.6880,0.6945,0.6888,0.6889,0.6932",0.6868,0.0029,"0.6850,0.6899,0.6852,0.6834,0.6906",,,,2.53
pubmed_multilabel,lda,k-NN,16,10000,0.5326,0.0022,"0.5348,0.5310,0.5317,0.5299,0.5356",0.769,0.001,"0.7698,0.7691,0.7694,0.7671,0.7699",0.7604,0.0016,"0.7609,0.7587,0.7614,0.7583,0.7625",,,,5.89
pubmed_multilabel,lda,SVM,16,10000,0.508,0.005,"0.5059,0.5163,0.5084,0.5009,0.5084",0.7909,0.0032,"0.7903,0.7968,0.7901,0.7871,0.7901",0.7818,0.0029,"0.7807,0.7872,0.7818,0.7782,0.7811",,,,181.54
pubmed_multilabel,lda,LogisticReg,16,10000,0.5235,0.003,"0.5235,0.5267,0.5255,0.5181,0.5240",0.7903,0.0023,"0.7891,0.7944,0.7899,0.7876,0.7904",0.7809,0.0018,"0.7793,0.7838,0.7815,0.7787,0.7810",,,,0.48
pubmed_multilabel,lda,RandomForest,16,10000,0.5297,0.0039,"0.5288,0.5360,0.5299,0.5239,0.5297",0.7854,0.0029,"0.7863,0.7907,0.7828,0.7829,0.7841",0.7752,0.0024,"0.7763,0.7794,0.7733,0.7727,0.7742",,,,53.4
pubmed_multilabel,lda,AdaBoost,16,10000,0.5161,0.0048,"0.5210,0.5227,0.5139,0.5112,0.5118",0.7861,0.0023,"0.7854,0.7905,0.7845,0.7861,0.7838",0.7766,0.0024,"0.7747,0.7813,0.7756,0.7763,0.7749",,,,19.91
pubmed_multilabel,lda,XGBoost,16,10000,0.5421,0.0037,"0.5384,0.5488,0.5389,0.5419,0.5423",0.7753,0.0018,"0.7747,0.7787,0.7748,0.7749,0.7733",0.7653,0.0012,"0.7650,0.7674,0.7657,0.7650,0.7636",,,,10.87
pubmed_multilabel,meta,NaiveBayes,16,10000,0.3308,0.0006,"0.3302,0.3303,0.3313,0.3317,0.3304",0.6753,0.0032,"0.6739,0.6770,0.6778,0.6782,0.6697",0.6462,0.0039,"0.6451,0.6470,0.6504,0.6493,0.6394",,,,2.42
pubmed_multilabel,meta,k-NN,16,10000,0.3486,0.0033,"0.3466,0.3526,0.3461,0.3524,0.3450",0.6532,0.0025,"0.6530,0.6566,0.6529,0.6546,0.6490",0.6318,0.0026,"0.6323,0.6349,0.6318,0.6330,0.6271",,,,1.88
pubmed_multilabel,meta,SVM,16,10000,0.3428,0.0012,"0.3435,0.3445,0.3413,0.3429,0.3417",0.6921,0.0032,"0.6916,0.6961,0.6929,0.6933,0.6865",0.6733,0.0038,"0.6724,0.6772,0.6759,0.6747,0.6665",,,,209.69
pubmed_multilabel,meta,LogisticReg,16,10000,0.3308,0.002,"0.3302,0.3337,0.3296,0.3325,0.3283",0.6806,0.0042,"0.6788,0.6856,0.6816,0.6833,0.6735",0.6587,0.0046,"0.6575,0.6637,0.6608,0.6612,0.6503",,,,0.21
pubmed_multilabel,meta,RandomForest,16,10000,0.347,0.0026,"0.3453,0.3462,0.3510,0.3487,0.3437",0.6548,0.0028,"0.6543,0.6561,0.6578,0.6562,0.6495",0.6332,0.0026,"0.6336,0.6329,0.6369,0.6339,0.6287",,,,26.61
pubmed_multilabel,meta,AdaBoost,16,10000,0.3476,0.001,"0.3477,0.3486,0.3457,0.3480,0.3482",0.6922,0.0016,"0.6922,0.6935,0.6923,0.6937,0.6892",0.6712,0.0021,"0.6725,0.6708,0.6721,0.6734,0.6674",,,,8.51
pubmed_multilabel,meta,XGBoost,16,10000,0.3496,0.0035,"0.3505,0.3466,0.3524,0.3539,0.3447",0.6567,0.0036,"0.6584,0.6578,0.6600,0.6576,0.6498",0.6355,0.0044,"0.6381,0.6354,0.6402,0.6364,0.6273",,,,3.64
pubmed_multilabel,tfidf,NaiveBayes,16,10000,0.5775,0.006,"0.5847,0.5775,0.5723,0.5694,0.5837",0.7322,0.0038,"0.7354,0.7311,0.7325,0.7257,0.7364",0.7275,0.0038,"0.7300,0.7266,0.7280,0.7209,0.7319",,,,28.92
pubmed_multilabel,tfidf,k-NN,16,10000,0.6024,0.0103,"0.6029,0.5884,0.6200,0.6033,0.5974",0.8002,0.0023,"0.8009,0.7985,0.8044,0.7995,0.7979",0.7922,0.0028,"0.7924,0.7887,0.7970,0.7923,0.7905",,,,93.72
pubmed_multilabel,tfidf,SVM,16,10000,0.5682,0.003,"0.5683,0.5656,0.5740,0.5665,0.5666",0.8235,0.0014,"0.8245,0.8255,0.8232,0.8218,0.8223",0.8137,0.0012,"0.8148,0.8148,0.8142,0.8118,0.8130",,,,17857.22
pubmed_multilabel,tfidf,LogisticReg,16,10000,0.5686,0.007,"0.5721,0.5576,0.5779,0.5639,0.5714",0.821,0.0017,"0.8229,0.8209,0.8225,0.8182,0.8208",0.8113,0.0019,"0.8132,0.8105,0.8136,0.8082,0.8112",,,,31.09
pubmed_multilabel,tfidf,RandomForest,16,10000,0.537,0.0068,"0.5322,0.5299,0.5494,0.5356,0.5377",0.8118,0.0017,"0.8131,0.8137,0.8127,0.8093,0.8103",0.8016,0.0016,"0.8027,0.8031,0.8026,0.7989,0.8007",,,,1133.25
pubmed_multilabel,tfidf,AdaBoost,16,10000,0.5142,0.0059,"0.5230,0.5055,0.5173,0.5141,0.5108",0.7773,0.0033,"0.7802,0.7782,0.7811,0.7745,0.7725",0.765,0.0033,"0.7681,0.7654,0.7688,0.7626,0.7601",,,,4700.12
pubmed_multilabel,tfidf,XGBoost,16,10000,0.6117,0.0065,"0.6227,0.6117,0.6048,0.6137,0.6055",0.8153,0.0025,"0.8193,0.8167,0.8147,0.8121,0.8139",0.8047,0.0019,"0.8073,0.8056,0.8051,0.8015,0.8040",,,,887.02
